{
  "Destination Port": -0.41646145177362,
  "Flow Duration": 2.6736087633441947,
  "Total Fwd Packets": -0.0026957030131049566,
  "Total Backward Packets": -0.00017646390152249142,
  "Total Length of Fwd Packets": -0.021415889497198765,
  "Total Length of Bwd Packets": 0.00031690897417572736,
  "Fwd Packet Length Max": 0.20395211215342157,
  "Fwd Packet Length Min": -0.29474250595297763,
  "Fwd Packet Length Mean": 0.012915376222625657,
  "Fwd Packet Length Std": 0.2620938194294609,
  "Bwd Packet Length Max": 3.4491396344424716,
  "Bwd Packet Length Min": -0.5568922744064393,
  "Bwd Packet Length Mean": 2.007469092539546,
  "Bwd Packet Length Std": 2.663871334131286,
  "Flow Bytes/s": -0.0563330192873202,
  "Flow Packets/s": -0.2658996582092367,
  "Flow IAT Mean": 1.5214660022727626,
  "Flow IAT Std": 3.264209481891597,
  "Flow IAT Max": 3.9005912545192722,
  "Flow IAT Min": -0.05304333747519207,
  "Fwd IAT Total": 2.677467212595227,
  "Fwd IAT Mean": 1.9385614376538642,
  "Fwd IAT Std": 4.521783996217703,
  "Fwd IAT Max": 3.8947355543397193,
  "Fwd IAT Min": -0.11437359592308603,
  "Bwd IAT Total": 3.2833442011455904,
  "Bwd IAT Mean": 1.4924951250913714,
  "Bwd IAT Std": 6.083194820299827,
  "Bwd IAT Max": 5.8166833744609665,
  "Bwd IAT Min": -0.11165615076942852,
  "Fwd PSH Flags": -0.2101734179141307,
  "Bwd PSH Flags": 0.0,
  "Fwd URG Flags": -0.010198589765903272,
  "Bwd URG Flags": 0.0,
  "Fwd Header Length": -0.0021835827889812695,
  "Bwd Header Length": 0.004329935293442458,
  "Fwd Packets/s": -0.24634926146769456,
  "Bwd Packets/s": -0.1744421342586385,
  "Min Packet Length": -0.6139098941615639,
  "Max Packet Length": 3.2644176740457045,
  "Packet Length Mean": 2.1600536502567973,
  "Packet Length Std": 2.638585959874779,
  "Packet Length Variance": 1.9485644367491788,
  "FIN Flag Count": 5.4897179675107,
  "SYN Flag Count": -0.2101734179141307,
  "RST Flag Count": -0.01536413530260858,
  "PSH Flag Count": -0.6132829971295249,
  "ACK Flag Count": -0.6386315088837193,
  "URG Flag Count": -0.30915022866780917,
  "CWE Flag Count": -0.010198589765903272,
  "ECE Flag Count": -0.01536413530260858,
  "Down/Up Ratio": 0.38753224506967576,
  "Average Packet Size": 2.1054682487559226,
  "Avg Fwd Segment Size": 0.012915376222625657,
  "Avg Bwd Segment Size": 2.007469092539546,
  "Fwd Header Length.1": -0.0021835827889812695,
  "Subflow Fwd Packets": -0.0026957030131049566,
  "Subflow Fwd Bytes": -0.021415889497198765,
  "Subflow Bwd Packets": -0.00017646390152249142,
  "Subflow Bwd Bytes": 0.00031653914892175607,
  "Init_Win_bytes_forward": -0.46265469703299666,
  "Init_Win_bytes_backward": -0.1961536281767163,
  "act_data_pkt_fwd": -0.002837166295053594,
  "min_seg_size_forward": -0.937724142111855,
  "Active Mean": -0.0993553996443527,
  "Active Std": -0.1101599384509442,
  "Active Max": -0.13439833982937682,
  "Active Min": -0.07171708710831466,
  "Idle Mean": 4.079751441045961,
  "Idle Std": -0.10547509192138103,
  "Idle Max": 3.9370269212299727,
  "Idle Min": 4.146289455783622
}