{
  "Destination Port": -0.26080210265197334,
  "Flow Duration": -0.4175414059174038,
  "Total Fwd Packets": -0.007967577591579792,
  "Total Backward Packets": -0.010621163260320051,
  "Total Length of Fwd Packets": -0.07016237040761503,
  "Total Length of Bwd Packets": -0.006649799513332109,
  "Fwd Packet Length Max": -0.23565455599254348,
  "Fwd Packet Length Min": -0.29474250595297763,
  "Fwd Packet Length Mean": -0.25601399379091183,
  "Fwd Packet Length Std": -0.16711317018474206,
  "Bwd Packet Length Max": -0.42888362955709614,
  "Bwd Packet Length Min": -0.5568922744064393,
  "Bwd Packet Length Mean": -0.49149271893569474,
  "Bwd Packet Length Std": -0.3799024171683676,
  "Flow Bytes/s": -0.029765438779009966,
  "Flow Packets/s": -0.01693456451069722,
  "Flow IAT Mean": -0.27646098693014426,
  "Flow IAT Std": -0.3462982489690714,
  "Flow IAT Max": -0.3573976948478832,
  "Flow IAT Min": -0.05304298172518767,
  "Fwd IAT Total": -0.4099569214855635,
  "Fwd IAT Mean": -0.2627721479944827,
  "Fwd IAT Std": -0.3229036208391222,
  "Fwd IAT Max": -0.35089935001292466,
  "Fwd IAT Min": -0.11437347351160912,
  "Bwd IAT Total": -0.3287436280476722,
  "Bwd IAT Mean": -0.19513013379533248,
  "Bwd IAT Std": -0.2269030557848835,
  "Bwd IAT Max": -0.2611345093715086,
  "Bwd IAT Min": -0.1116657516672829,
  "Fwd PSH Flags": -0.2101734179141307,
  "Bwd PSH Flags": 0.0,
  "Fwd URG Flags": -0.010198589765903272,
  "Bwd URG Flags": 0.0,
  "Fwd Header Length": -0.010789600357707691,
  "Bwd Header Length": -0.0128580888369054,
  "Fwd Packets/s": 0.009566405686797284,
  "Bwd Packets/s": -0.17444427897956608,
  "Min Packet Length": -0.6139098941615639,
  "Max Packet Length": -0.43349817319646133,
  "Packet Length Mean": -0.5254926962190112,
  "Packet Length Std": -0.42181538560795007,
  "Packet Length Variance": -0.28080605964159766,
  "FIN Flag Count": -0.1821587203419573,
  "SYN Flag Count": -0.2101734179141307,
  "RST Flag Count": -0.01536413530260858,
  "PSH Flag Count": -0.6132829971295249,
  "ACK Flag Count": 1.565848202115686,
  "URG Flag Count": -0.30915022866780917,
  "CWE Flag Count": -0.010198589765903272,
  "ECE Flag Count": -0.01536413530260858,
  "Down/Up Ratio": -0.9522176475537979,
  "Average Packet Size": -0.5370975712290651,
  "Avg Fwd Segment Size": -0.25601399379091183,
  "Avg Bwd Segment Size": -0.49149271893569474,
  "Fwd Header Length.1": -0.010789600357707691,
  "Subflow Fwd Packets": -0.007967577591579792,
  "Subflow Fwd Bytes": -0.07016237040761503,
  "Subflow Bwd Packets": -0.010621163260320051,
  "Subflow Bwd Bytes": -0.006650319697210308,
  "Init_Win_bytes_forward": -0.39027989003950087,
  "Init_Win_bytes_backward": -0.22504359081950326,
  "act_data_pkt_fwd": -0.006551468584243318,
  "min_seg_size_forward": -0.937724142111855,
  "Active Mean": -0.11684960624730972,
  "Active Std": -0.1101599384509442,
  "Active Max": -0.14593814177802475,
  "Active Min": -0.0908280568671294,
  "Idle Mean": -0.3351103628218247,
  "Idle Std": -0.10547509192138103,
  "Idle Max": -0.33972519809802315,
  "Idle Min": -0.32266068059768793
}