{
  "Destination Port": 0.03191437043292138,
  "Flow Duration": -0.4175414675083005,
  "Total Fwd Packets": -0.011482160643694573,
  "Total Backward Packets": -0.009315575840348735,
  "Total Length of Fwd Packets": -0.07453898943661112,
  "Total Length of Bwd Packets": -0.00664619448953517,
  "Fwd Packet Length Max": -0.2774532227958657,
  "Fwd Packet Length Min": -0.26071794158790035,
  "Fwd Packet Length Mean": -0.30206354341249836,
  "Fwd Packet Length Std": -0.23230466670455024,
  "Bwd Packet Length Max": -0.4256697981205623,
  "Bwd Packet Length Min": -0.4680514804747515,
  "Bwd Packet Length Mean": -0.4811477282460008,
  "Bwd Packet Length Std": -0.37990241716364137,
  "Flow Bytes/s": -0.049188773156466234,
  "Flow Packets/s": -0.09286026251312307,
  "Flow IAT Mean": -0.27645574772363507,
  "Flow IAT Std": -0.3463025652217675,
  "Flow IAT Max": -0.35739773742779296,
  "Flow IAT Min": -0.053026617224985244,
  "Fwd IAT Total": -0.4099584343241303,
  "Fwd IAT Mean": -0.2627748446314282,
  "Fwd IAT Std": -0.3229072147801576,
  "Fwd IAT Max": -0.35090138791865677,
  "Fwd IAT Min": -0.1143735959230859,
  "Bwd IAT Total": -0.32874362804767204,
  "Bwd IAT Mean": -0.19513013379533228,
  "Bwd IAT Std": -0.22690305578488312,
  "Bwd IAT Max": -0.26113450937150845,
  "Bwd IAT Min": -0.11166575166728276,
  "Fwd PSH Flags": -0.21017340747240257,
  "Bwd PSH Flags": 0.0,
  "Fwd URG Flags": -0.010198579764872968,
  "Bwd URG Flags": 0.0,
  "Fwd Header Length": -0.013768606439178521,
  "Bwd Header Length": -0.011555965796720007,
  "Fwd Packets/s": -0.1574141926717069,
  "Bwd Packets/s": 0.39811008582334406,
  "Min Packet Length": -0.5330572362158912,
  "Max Packet Length": -0.4463221288303287,
  "Packet Length Mean": -0.5405210940861602,
  "Packet Length Std": -0.4435082957686511,
  "Packet Length Variance": -0.2809548143798242,
  "FIN Flag Count": -0.1821587100101399,
  "SYN Flag Count": -0.21017340747240257,
  "RST Flag Count": -0.015364125300254525,
  "PSH Flag Count": 1.6305685666193104,
  "ACK Flag Count": -0.6386314948052176,
  "URG Flag Count": -0.3091502177120709,
  "CWE Flag Count": -0.010198579764872968,
  "ECE Flag Count": -0.015364125300254525,
  "Down/Up Ratio": 0.38753223987771296,
  "Average Packet Size": -0.5538042614921039,
  "Avg Fwd Segment Size": -0.30206354341249836,
  "Avg Bwd Segment Size": -0.4811477282460008,
  "Fwd Header Length.1": -0.013768606439178521,
  "Subflow Fwd Packets": -0.011482160643694573,
  "Subflow Fwd Bytes": -0.07453898943661112,
  "Subflow Bwd Packets": -0.009315575840348735,
  "Subflow Bwd Bytes": -0.006646714595608129,
  "Init_Win_bytes_forward": -0.3889116101060104,
  "Init_Win_bytes_backward": -0.2249211757232839,
  "act_data_pkt_fwd": -0.00840861972868202,
  "min_seg_size_forward": -0.3049796400067445,
  "Active Mean": -0.11684960624730786,
  "Active Std": -0.11015993845094095,
  "Active Max": -0.14593814177802322,
  "Active Min": -0.09082805686712783,
  "Idle Mean": -0.33511036282182455,
  "Idle Std": -0.1054750919213808,
  "Idle Max": -0.33972519809802304,
  "Idle Min": -0.32266068059768777
}