{
  "Destination Port": -0.41646145177362,
  "Flow Duration": -0.4165789865630913,
  "Total Fwd Packets": -0.00972486911773807,
  "Total Backward Packets": -0.008009988420620662,
  "Total Length of Fwd Packets": -0.06986053461250409,
  "Total Length of Bwd Packets": -0.006575896525495674,
  "Fwd Packet Length Max": -0.2515092227125619,
  "Fwd Packet Length Min": -0.2607179416322544,
  "Fwd Packet Length Mean": -0.26522390370198967,
  "Fwd Packet Length Std": -0.23230466671301175,
  "Bwd Packet Length Max": -0.3865681823394213,
  "Bwd Packet Length Min": -0.5568922744064393,
  "Bwd Packet Length Mean": -0.36735283075891695,
  "Bwd Packet Length Std": -0.3799024171683676,
  "Flow Bytes/s": -0.056144581306261244,
  "Flow Packets/s": -0.2654479449996004,
  "Flow IAT Mean": -0.27383963727371663,
  "Flow IAT Std": -0.3462846665507103,
  "Flow IAT Max": -0.3560856375032377,
  "Flow IAT Min": -0.05304191447517448,
  "Fwd IAT Total": -0.40995704498258934,
  "Fwd IAT Mean": -0.262771487593598,
  "Fwd IAT Std": -0.32290721478015794,
  "Fwd IAT Max": -0.35089951983840234,
  "Fwd IAT Min": -0.11437322868865528,
  "Bwd IAT Total": -0.3287435196850373,
  "Bwd IAT Mean": -0.19512977974807538,
  "Bwd IAT Std": -0.2269030557848835,
  "Bwd IAT Max": -0.2611343270369721,
  "Bwd IAT Min": -0.11166562533967955,
  "Fwd PSH Flags": -0.2101734179141307,
  "Bwd PSH Flags": 0.0,
  "Fwd URG Flags": -0.010198589765903272,
  "Bwd URG Flags": 0.0,
  "Fwd Header Length": -0.010458599681987445,
  "Bwd Header Length": -0.010253842756549662,
  "Fwd Packets/s": -0.24609160054567233,
  "Bwd Packets/s": -0.17391003130915972,
  "Min Packet Length": -0.5330572364313866,
  "Max Packet Length": -0.4047725125714702,
  "Packet Length Mean": -0.35677766337710604,
  "Packet Length Std": -0.4040693140966822,
  "Packet Length Variance": -0.28052050753430857,
  "FIN Flag Count": -0.1821587203419573,
  "SYN Flag Count": -0.2101734179141307,
  "RST Flag Count": -0.01536413530260858,
  "PSH Flag Count": -0.6132829971295249,
  "ACK Flag Count": -0.6386315088837193,
  "URG Flag Count": -0.30915022866780917,
  "CWE Flag Count": -0.010198589765903272,
  "ECE Flag Count": -0.01536413530260858,
  "Down/Up Ratio": 0.38753224506967576,
  "Average Packet Size": -0.3427517755698443,
  "Avg Fwd Segment Size": -0.26522390370198967,
  "Avg Bwd Segment Size": -0.36735283075891695,
  "Fwd Header Length.1": -0.010458599681987445,
  "Subflow Fwd Packets": -0.00972486911773807,
  "Subflow Fwd Bytes": -0.06986053461250409,
  "Subflow Bwd Packets": -0.008009988420620662,
  "Subflow Bwd Bytes": -0.006576415114366475,
  "Init_Win_bytes_forward": -0.44439896213463725,
  "Init_Win_bytes_backward": -0.22504359081950326,
  "act_data_pkt_fwd": -0.006551468584243318,
  "min_seg_size_forward": -0.30497964048917997,
  "Active Mean": -0.11684960624730972,
  "Active Std": -0.1101599384509442,
  "Active Max": -0.14593814177802475,
  "Active Min": -0.0908280568671294,
  "Idle Mean": -0.3351103628218247,
  "Idle Std": -0.10547509192138103,
  "Idle Max": -0.33972519809802315,
  "Idle Min": -0.32266068059768793
}