{
  "Destination Port": -0.41646145177362,
  "Flow Duration": -0.41608059302571143,
  "Total Fwd Packets": -0.007967577591579792,
  "Total Backward Packets": -0.004093226161071576,
  "Total Length of Fwd Packets": -0.027905359092083904,
  "Total Length of Bwd Packets": 0.00031690897417572736,
  "Fwd Packet Length Max": 0.16791877869883426,
  "Fwd Packet Length Min": -0.29474250595297763,
  "Fwd Packet Length Mean": 0.25974096256672635,
  "Fwd Packet Length Std": 0.4217132501833947,
  "Bwd Packet Length Max": 3.4491396344424716,
  "Bwd Packet Length Min": -0.5568922744064393,
  "Bwd Packet Length Mean": 3.5068461794246906,
  "Bwd Packet Length Std": 3.764864692131111,
  "Flow Bytes/s": -0.045806826705003315,
  "Flow Packets/s": -0.2652151350706198,
  "Flow IAT Mean": -0.27488711266248456,
  "Flow IAT Std": -0.34449642742415343,
  "Flow IAT Max": -0.3558163195729176,
  "Flow IAT Min": -0.05304191447517448,
  "Fwd IAT Total": -0.40965006225051614,
  "Fwd IAT Mean": -0.2622251709617418,
  "Fwd IAT Std": -0.32214407581142623,
  "Fwd IAT Max": -0.3504775035263419,
  "Fwd IAT Min": -0.11437310627717837,
  "Bwd IAT Total": -0.32702857262549295,
  "Bwd IAT Mean": -0.19372925731076607,
  "Bwd IAT Std": -0.22398703347925725,
  "Bwd IAT Max": -0.2588743512350478,
  "Bwd IAT Min": -0.11165501382099839,
  "Fwd PSH Flags": -0.2101734179141307,
  "Bwd PSH Flags": 0.0,
  "Fwd URG Flags": -0.010198589765903272,
  "Bwd URG Flags": 0.0,
  "Fwd Header Length": -0.007148592924784975,
  "Bwd Header Length": -0.0019202552994113079,
  "Fwd Packets/s": -0.24608543045734235,
  "Bwd Packets/s": -0.17161074679534008,
  "Min Packet Length": -0.6139098941615639,
  "Max Packet Length": 3.2644176740457045,
  "Packet Length Mean": 3.9494726993618614,
  "Packet Length Std": 3.889602217466979,
  "Packet Length Variance": 4.1226725090504885,
  "FIN Flag Count": -0.1821587203419573,
  "SYN Flag Count": -0.2101734179141307,
  "RST Flag Count": -0.01536413530260858,
  "PSH Flag Count": 1.6305686032068494,
  "ACK Flag Count": -0.6386315088837193,
  "URG Flag Count": -0.30915022866780917,
  "CWE Flag Count": -0.010198589765903272,
  "ECE Flag Count": -0.01536413530260858,
  "Down/Up Ratio": 0.38753224506967576,
  "Average Packet Size": 4.0924829335914445,
  "Avg Fwd Segment Size": 0.25974096256672635,
  "Avg Bwd Segment Size": 3.5068461794246906,
  "Fwd Header Length.1": -0.007148592924784975,
  "Subflow Fwd Packets": -0.007967577591579792,
  "Subflow Fwd Bytes": -0.027905359092083904,
  "Subflow Bwd Packets": -0.004093226161071576,
  "Subflow Bwd Bytes": 0.00031653914892175607,
  "Init_Win_bytes_forward": 1.64017551611136,
  "Init_Win_bytes_backward": -0.1961536281767163,
  "act_data_pkt_fwd": -0.006551468584243318,
  "min_seg_size_forward": 0.9605093627561699,
  "Active Mean": -0.11684960624730972,
  "Active Std": -0.1101599384509442,
  "Active Max": -0.14593814177802475,
  "Active Min": -0.0908280568671294,
  "Idle Mean": -0.3351103628218247,
  "Idle Std": -0.10547509192138103,
  "Idle Max": -0.33972519809802315,
  "Idle Min": -0.32266068059768793
}