{
  "Destination Port": -0.39593680820981403,
  "Flow Duration": 3.1593506066457953,
  "Total Fwd Packets": 0.0254209614054275,
  "Total Backward Packets": 0.01287941029697446,
  "Total Length of Fwd Packets": 0.059174267797421305,
  "Total Length of Bwd Packets": -0.003952640875951973,
  "Fwd Packet Length Max": 0.4605094463500831,
  "Fwd Packet Length Min": -0.29474250595297763,
  "Fwd Packet Length Mean": -0.09006816212063018,
  "Fwd Packet Length Std": 0.1944879886950772,
  "Bwd Packet Length Max": 0.3306518660715485,
  "Bwd Packet Length Min": -0.5568922744064393,
  "Bwd Packet Length Mean": -0.061505096983238285,
  "Bwd Packet Length Std": 0.21731710967211287,
  "Flow Bytes/s": -0.05633607482629991,
  "Flow Packets/s": -0.26589882496440975,
  "Flow IAT Mean": 0.4170195850853869,
  "Flow IAT Std": 0.24328313962386844,
  "Flow IAT Max": 0.06839936063672329,
  "Flow IAT Min": -0.05304191447517448,
  "Fwd IAT Total": 3.171455316102324,
  "Fwd IAT Mean": 0.3459998350988465,
  "Fwd IAT Std": 0.21469871094237036,
  "Fwd IAT Max": 0.07790794324943909,
  "Fwd IAT Min": -0.11437310627717837,
  "Bwd IAT Total": 3.6806738623568496,
  "Bwd IAT Mean": 0.5752692002513339,
  "Bwd IAT Std": 0.5911573144653302,
  "Bwd IAT Max": 0.35272509689557136,
  "Bwd IAT Min": -0.11165968794232224,
  "Fwd PSH Flags": -0.2101734179141307,
  "Bwd PSH Flags": 0.0,
  "Fwd URG Flags": -0.010198589765903272,
  "Bwd URG Flags": 0.0,
  "Fwd Header Length": 0.04316350978469257,
  "Bwd Header Length": 0.025163903936288347,
  "Fwd Packets/s": -0.2463487195968231,
  "Bwd Packets/s": -0.17444010867654428,
  "Min Packet Length": -0.6139098941615639,
  "Max Packet Length": 0.27797488549751626,
  "Packet Length Mean": -0.10561737903965591,
  "Packet Length Std": 0.11379254898673757,
  "Packet Length Variance": -0.20724773675463157,
  "FIN Flag Count": -0.1821587203419573,
  "SYN Flag Count": -0.2101734179141307,
  "RST Flag Count": -0.01536413530260858,
  "PSH Flag Count": 1.6305686032068494,
  "ACK Flag Count": -0.6386315088837193,
  "URG Flag Count": -0.30915022866780917,
  "CWE Flag Count": -0.010198589765903272,
  "ECE Flag Count": -0.01536413530260858,
  "Down/Up Ratio": -0.9522176475537979,
  "Average Packet Size": -0.1483798757174859,
  "Avg Fwd Segment Size": -0.09006816212063018,
  "Avg Bwd Segment Size": -0.061505096983238285,
  "Fwd Header Length.1": 0.04316350978469257,
  "Subflow Fwd Packets": 0.0254209614054275,
  "Subflow Fwd Bytes": 0.059174267797421305,
  "Subflow Bwd Packets": 0.01287941029697446,
  "Subflow Bwd Bytes": -0.003953102848543914,
  "Init_Win_bytes_forward": 1.64017551611136,
  "Init_Win_bytes_backward": -0.18121898647154677,
  "act_data_pkt_fwd": -0.0009800151504587315,
  "min_seg_size_forward": 0.9605093627561699,
  "Active Mean": 0.0003173669838726817,
  "Active Std": 0.2695507659077317,
  "Active Max": 0.3616066080322681,
  "Active Min": -0.027859260624471634,
  "Idle Mean": 0.08895712013646688,
  "Idle Std": 0.20973632848396737,
  "Idle Max": 0.08795001383477641,
  "Idle Min": -0.09303994481823077
}