{
  "Destination Port": -0.41646145177362,
  "Flow Duration": -0.41609146381900697,
  "Total Fwd Packets": -0.00972486911773807,
  "Total Backward Packets": -0.008009988420620662,
  "Total Length of Fwd Packets": -0.06367290081272989,
  "Total Length of Bwd Packets": -0.006539245450227198,
  "Fwd Packet Length Max": -0.21763788926524985,
  "Fwd Packet Length Min": -0.1926688129908081,
  "Fwd Packet Length Mean": -0.08830990657823634,
  "Fwd Packet Length Std": -0.23230466671301175,
  "Bwd Packet Length Max": -0.3678208323062742,
  "Bwd Packet Length Min": -0.4680514805440549,
  "Bwd Packet Length Mean": -0.324248702919758,
  "Bwd Packet Length Std": -0.3799024171683676,
  "Flow Bytes/s": -0.056165635527798186,
  "Flow Packets/s": -0.2655603779759699,
  "Flow IAT Mean": -0.27195136597028813,
  "Flow IAT Std": -0.34475723873503406,
  "Flow IAT Max": -0.3560469323651094,
  "Flow IAT Min": -0.05304191447517448,
  "Fwd IAT Total": -0.4099583108271046,
  "Fwd IAT Mean": -0.262774404364172,
  "Fwd IAT Std": -0.32290721478015794,
  "Fwd IAT Max": -0.35090121809317926,
  "Fwd IAT Min": -0.11437322868865528,
  "Bwd IAT Total": -0.3287435196850373,
  "Bwd IAT Mean": -0.19512977974807538,
  "Bwd IAT Std": -0.2269030557848835,
  "Bwd IAT Max": -0.2611343270369721,
  "Bwd IAT Min": -0.11166537268447287,
  "Fwd PSH Flags": -0.2101734179141307,
  "Bwd PSH Flags": 0.0,
  "Fwd URG Flags": -0.010198589765903272,
  "Bwd URG Flags": 0.0,
  "Fwd Header Length": -0.010458599681987445,
  "Bwd Header Length": -0.010253842756549662,
  "Fwd Packets/s": -0.246174843945822,
  "Bwd Packets/s": -0.1737859616143336,
  "Min Packet Length": -0.3713519209710319,
  "Max Packet Length": -0.3834847462154499,
  "Packet Length Mean": -0.3038096496901561,
  "Packet Length Std": -0.37424516995312346,
  "Packet Length Variance": -0.2797082085139507,
  "FIN Flag Count": -0.1821587203419573,
  "SYN Flag Count": -0.2101734179141307,
  "RST Flag Count": -0.01536413530260858,
  "PSH Flag Count": -0.6132829971295249,
  "ACK Flag Count": -0.6386315088837193,
  "URG Flag Count": -0.30915022866780917,
  "CWE Flag Count": -0.010198589765903272,
  "ECE Flag Count": -0.01536413530260858,
  "Down/Up Ratio": 0.38753224506967576,
  "Average Packet Size": -0.29127629412686473,
  "Avg Fwd Segment Size": -0.08830990657823634,
  "Avg Bwd Segment Size": -0.324248702919758,
  "Fwd Header Length.1": -0.010458599681987445,
  "Subflow Fwd Packets": -0.00972486911773807,
  "Subflow Fwd Bytes": -0.06367290081272989,
  "Subflow Bwd Packets": -0.008009988420620662,
  "Subflow Bwd Bytes": -0.006539763248078069,
  "Init_Win_bytes_forward": -0.458333813033385,
  "Init_Win_bytes_backward": -0.22504359081950326,
  "act_data_pkt_fwd": -0.006551468584243318,
  "min_seg_size_forward": -0.6213518913005175,
  "Active Mean": -0.11684960624730972,
  "Active Std": -0.1101599384509442,
  "Active Max": -0.14593814177802475,
  "Active Min": -0.0908280568671294,
  "Idle Mean": -0.3351103628218247,
  "Idle Std": -0.10547509192138103,
  "Idle Max": -0.33972519809802315,
  "Idle Min": -0.32266068059768793
}