{
  "Destination Port": -0.41646145177362,
  "Flow Duration": -0.4151610101401641,
  "Total Fwd Packets": -0.007967577591579792,
  "Total Backward Packets": -0.004093226161071576,
  "Total Length of Fwd Packets": -0.07091695989539237,
  "Total Length of Bwd Packets": 0.0003205139979726266,
  "Fwd Packet Length Max": -0.2515092227125619,
  "Fwd Packet Length Min": -0.29474250595297763,
  "Fwd Packet Length Mean": -0.26522390370198967,
  "Fwd Packet Length Std": -0.19492178311821134,
  "Bwd Packet Length Max": 2.6992456331165884,
  "Bwd Packet Length Min": -0.5568922744064393,
  "Bwd Packet Length Mean": 3.50891517756097,
  "Bwd Packet Length Std": 2.651670886201222,
  "Flow Bytes/s": -0.05002411587600597,
  "Flow Packets/s": -0.26547962814748494,
  "Flow IAT Mean": -0.2738937923737056,
  "Flow IAT Std": -0.3428050564054288,
  "Flow IAT Max": -0.35433232455196656,
  "Flow IAT Min": -0.05304120297516569,
  "Fwd IAT Total": -0.4098344433101502,
  "Fwd IAT Mean": -0.262553830468687,
  "Fwd IAT Std": -0.32260104159067443,
  "Fwd IAT Max": -0.3507311378772724,
  "Fwd IAT Min": -0.11437286145422453,
  "Bwd IAT Total": -0.32595260390293285,
  "Bwd IAT Mean": -0.1928503940028689,
  "Bwd IAT Std": -0.22104403483091267,
  "Bwd IAT Max": -0.25675611014617455,
  "Bwd IAT Min": -0.11164225473306033,
  "Fwd PSH Flags": -0.2101734179141307,
  "Bwd PSH Flags": 0.0,
  "Fwd URG Flags": -0.010198589765903272,
  "Bwd URG Flags": 0.0,
  "Fwd Header Length": -0.009796598330546951,
  "Bwd Header Length": -0.005566199811909338,
  "Fwd Packets/s": -0.24618738425904532,
  "Bwd Packets/s": -0.17270468965671704,
  "Min Packet Length": -0.6139098941615639,
  "Max Packet Length": 2.5462761584209255,
  "Packet Length Mean": 3.843990359493949,
  "Packet Length Std": 3.024307520826254,
  "Packet Length Variance": 2.540757052168388,
  "FIN Flag Count": -0.1821587203419573,
  "SYN Flag Count": -0.2101734179141307,
  "RST Flag Count": -0.01536413530260858,
  "PSH Flag Count": 1.6305686032068494,
  "ACK Flag Count": -0.6386315088837193,
  "URG Flag Count": -0.30915022866780917,
  "CWE Flag Count": -0.010198589765903272,
  "ECE Flag Count": -0.01536413530260858,
  "Down/Up Ratio": 0.38753224506967576,
  "Average Packet Size": 3.983236841611574,
  "Avg Fwd Segment Size": -0.26522390370198967,
  "Avg Bwd Segment Size": 3.50891517756097,
  "Fwd Header Length.1": -0.009796598330546951,
  "Subflow Fwd Packets": -0.007967577591579792,
  "Subflow Fwd Bytes": -0.07091695989539237,
  "Subflow Bwd Packets": -0.004093226161071576,
  "Subflow Bwd Bytes": 0.00032014425052389424,
  "Init_Win_bytes_forward": 0.12728999838065297,
  "Init_Win_bytes_backward": -0.19688811875238038,
  "act_data_pkt_fwd": -0.0046943174396484565,
  "min_seg_size_forward": -0.937724142111855,
  "Active Mean": -0.11684960624730972,
  "Active Std": -0.1101599384509442,
  "Active Max": -0.14593814177802475,
  "Active Min": -0.0908280568671294,
  "Idle Mean": -0.3351103628218247,
  "Idle Std": -0.10547509192138103,
  "Idle Max": -0.33972519809802315,
  "Idle Min": -0.32266068059768793
}